'Mech Base Variant,Player(s) who own the 'Mech
ACH-A,SirEpicPwner
ACH-B,SirEpicPwner
ACH-C,Tarogato
ACH-E,"Lusciousbalzack, SirEpicPwner, Tarogato"
ACH-PRIME,"Generic Player 1, SirEpicPwner, Tarogato, VulkanNo1"
ACH-SH,"SirEpicPwner, Tarogato"
ACW-1,"abobra, Generic Player 1, Lusciousbalzack, SirEpicPwner, Tarogato, VulkanNo1"
ACW-2,SirEpicPwner
ACW-A,VulkanNo1
ACW-BK,SirEpicPwner
ACW-P,"Generic Player 1, SirEpicPwner, Tarogato"
ACW-PRIME,SirEpicPwner
ADR-A,Tarogato
ADR-B,SirEpicPwner
ADR-CN,SirEpicPwner
ADR-D,"SirEpicPwner, Tarogato"
ADR-PRIME,"Generic Player 1, SirEpicPwner, Tarogato, U94"
ANH-1A,SirEpicPwner
ANH-1E,"SirEpicPwner, Tarogato"
ANH-1P,"Generic Player 1, SirEpicPwner, VulkanNo1"
ANH-1X,"SirEpicPwner, Sunwraith"
ANH-2A,"Generic Player 1, Lusciousbalzack, NimhTG, SirEpicPwner, Tarogato"
ANH-MB,SirEpicPwner
ARC-2R,SirEpicPwner
ARC-5S,SirEpicPwner
ARC-5W,SirEpicPwner
ARC-T,"Lusciousbalzack, SirEpicPwner, Tarogato"
AS7-BH,"Lusciousbalzack, SirEpicPwner"
AS7-D,"Lusciousbalzack, SirEpicPwner, VulkanNo1"
AS7-D-DC,"Generic Player 1, Lusciousbalzack, SirEpicPwner"
AS7-K,SirEpicPwner
AS7-K3,"Chosen by Heaven, Generic Player 1, Lusciousbalzack, NimhTG, SirEpicPwner, Sunwraith, Tarogato"
AS7-KR,"Generic Player 1, SirEpicPwner"
AS7-S,"Lusciousbalzack, SirEpicPwner"
ASN-101,"SirEpicPwner, Tarogato"
ASN-21,"Generic Player 1, SirEpicPwner, Tarogato"
ASN-23,"Lusciousbalzack, SirEpicPwner, Tarogato, VulkanNo1"
ASN-26,"SirEpicPwner, Tarogato"
ASN-27,"SirEpicPwner, Tarogato"
ASN-DD,"SirEpicPwner, Tarogato"
AWS-8Q,"Generic Player 1, SirEpicPwner, Sunwraith, Tarogato, VulkanNo1"
AWS-8R,SirEpicPwner
AWS-8T,SirEpicPwner
AWS-9M,"Lusciousbalzack, SirEpicPwner"
AWS-PB,SirEpicPwner
BAS-A,"Generic Player 1, Tarogato, VulkanNo1"
BAS-B,SirEpicPwner
BAS-C,SirEpicPwner
BAS-E,"Generic Player 1, SirEpicPwner, Tarogato"
BAS-RA,SirEpicPwner
BJ-1,"SirEpicPwner, Tarogato"
BJ-1DC,SirEpicPwner
BJ-1X,"SirEpicPwner, Tarogato"
BJ-2,"Lusciousbalzack, SirEpicPwner, Tarogato"
BJ-3,"SirEpicPwner, Tarogato"
BJ-A,"SirEpicPwner, Tarogato"
BKL-A,"Chosen by Heaven, Generic Player 1, SirEpicPwner, Tarogato"
BKL-BL,"Generic Player 1, SirEpicPwner, Tarogato"
BKL-C,Tarogato
BKL-D,Tarogato
BL-6-KNT,"Generic Player 1, SirEpicPwner, Tarogato, VulkanNo1"
BL-6B-KNT,"SirEpicPwner, Tarogato"
BL-7-KNT,"Generic Player 1, Lusciousbalzack, SirEpicPwner, Tarogato"
BL-7-KNT-L,"SirEpicPwner, Tarogato"
BL-P-KNT,SirEpicPwner
BLR-1D,SirEpicPwner
BLR-1G,"Generic Player 1, SirEpicPwner, Tarogato, VulkanNo1"
BLR-1GHE,"SirEpicPwner, Tarogato"
BLR-1S,SirEpicPwner
BLR-2C,SirEpicPwner
BLR-3M,"Generic Player 1, SirEpicPwner"
BNC-3E,"Generic Player 1, Lusciousbalzack, SirEpicPwner, Tarogato"
BNC-3M,"SirEpicPwner, Tarogato"
BNC-3S,SirEpicPwner
BNC-LM,"Generic Player 1, SirEpicPwner, Tarogato"
BNC-SR,"Generic Player 1, SirEpicPwner"
BSW-HR,SirEpicPwner
BSW-P1,"Chosen by Heaven, SirEpicPwner, Tarogato"
BSW-P2,"Tarogato, U94"
BSW-S2,"SirEpicPwner, Tarogato"
BSW-X1,"abobra, SirEpicPwner, Sunwraith, VulkanNo1"
BSW-X2,"SirEpicPwner, Tarogato"
CDA-2A,"SirEpicPwner, Tarogato"
CDA-2B,"SirEpicPwner, Tarogato"
CDA-3C,SirEpicPwner
CDA-3F,"SirEpicPwner, Tarogato"
CDA-3M,"Lusciousbalzack, SirEpicPwner, Tarogato"
CDA-X5,SirEpicPwner
CGR-1A1,"Chosen by Heaven, Generic Player 1, Lusciousbalzack, SirEpicPwner, VulkanNo1"
CGR-1A5,"Lusciousbalzack, SirEpicPwner"
CGR-3K,SirEpicPwner
CGR-N7,"SirEpicPwner, Tarogato"
CHP-1N,SirEpicPwner
CHP-1N2,"NimhTG, SirEpicPwner, Tarogato"
CHP-1NB,"Lusciousbalzack, SirEpicPwner, Tarogato"
CHP-2N,"abobra, SirEpicPwner"
CHP-3N,"Generic Player 1, SirEpicPwner, Tarogato"
CHP-INV,"Lusciousbalzack, SirEpicPwner, Tarogato"
CN9-A,"SirEpicPwner, Tarogato"
CN9-AH,"Generic Player 1, SirEpicPwner"
CN9-AL,SirEpicPwner
CN9-D,SirEpicPwner
CN9-YLW,"SirEpicPwner, Tarogato"
COM-1B,"SirEpicPwner, Tarogato"
COM-1D,"Chosen by Heaven, Lusciousbalzack, SirEpicPwner, Tarogato, VulkanNo1"
COM-2D,"SirEpicPwner, Tarogato, VulkanNo1"
COM-TDK,"SirEpicPwner, Tarogato"
COR-5R,SirEpicPwner
COR-5T,SirEpicPwner
COR-6R,SirEpicPwner
COR-7A,"Generic Player 1, Lusciousbalzack, SirEpicPwner, Sunwraith"
COR-BR,"Generic Player 1, SirEpicPwner, Tarogato, VulkanNo1"
COR-RA,SirEpicPwner
COU-BA,"SirEpicPwner, Tarogato"
COU-C,"Generic Player 1, Tarogato"
COU-D,"Tarogato, VulkanNo1"
COU-E,"SirEpicPwner, Tarogato"
COU-H,"SirEpicPwner, Tarogato"
COU-PRIME,Tarogato
CP-10-Q,"Lusciousbalzack, SirEpicPwner, VulkanNo1"
CP-10-Z,SirEpicPwner
CP-11-A,SirEpicPwner
CP-11-P,"SirEpicPwner, Tarogato"
CP-S,"Generic Player 1, SirEpicPwner, Tarogato"
CPLT-A1,"Lusciousbalzack, SirEpicPwner, Tarogato, U94"
CPLT-BB,SirEpicPwner
CPLT-C2,SirEpicPwner
CPLT-C4,"Lusciousbalzack, SirEpicPwner, Tarogato"
CPLT-J,"SirEpicPwner, Tarogato"
CPLT-K2,"SirEpicPwner, VulkanNo1"
CRB-20,SirEpicPwner
CRB-27,SirEpicPwner
CRB-27B,"Generic Player 1, Lusciousbalzack, NimhTG, SirEpicPwner, Tarogato, VulkanNo1"
CRB-27SL,"SirEpicPwner, Tarogato"
CRB-FL,SirEpicPwner
CRD-3R,"Lusciousbalzack, SirEpicPwner"
CRD-5K,"Lusciousbalzack, SirEpicPwner"
CRD-5M,"Lusciousbalzack, SirEpicPwner"
CRD-6T,"Chosen by Heaven, Generic Player 1, Lusciousbalzack, SirEpicPwner, Tarogato, VulkanNo1"
CRD-7L,"Lusciousbalzack, SirEpicPwner"
CRD-CR,"Chosen by Heaven, Generic Player 1, Lusciousbalzack, SirEpicPwner, Tarogato"
CTF-0XP,SirEpicPwner
CTF-1X,"SirEpicPwner, VulkanNo1"
CTF-2X,SirEpicPwner
CTF-3D,"SirEpicPwner, Tarogato"
CTF-3L,"SirEpicPwner, Tarogato"
CTF-4X,"Lusciousbalzack, SirEpicPwner"
CTF-IM,SirEpicPwner
DRG-1C,"SirEpicPwner, Tarogato"
DRG-1G,SirEpicPwner
DRG-1N,SirEpicPwner
DRG-5N,"Generic Player 1, Lusciousbalzack, SirEpicPwner, Tarogato, VulkanNo1"
DRG-FANG,SirEpicPwner
DRG-FLAME,SirEpicPwner
DV-6M,SirEpicPwner
DV-6MR,"Chosen by Heaven, Generic Player 1, Lusciousbalzack, SirEpicPwner, Tarogato, VulkanNo1"
DV-7D,"Lusciousbalzack, SirEpicPwner"
DV-7P,SirEpicPwner
DV-8D,SirEpicPwner
DV-FR,"SirEpicPwner, Tarogato"
DWF-A,SirEpicPwner
DWF-B,"SirEpicPwner, U94"
DWF-C,"abobra, Chosen by Heaven, Generic Player 1, Lusciousbalzack, SirEpicPwner, Tarogato, U94, VulkanNo1"
DWF-PRIME,"Lusciousbalzack, SirEpicPwner"
DWF-S,"SirEpicPwner, Tarogato"
DWF-UV,"Generic Player 1, Lusciousbalzack, SirEpicPwner, Tarogato"
DWF-W,"SirEpicPwner, Tarogato"
EBJ-A,"SirEpicPwner, VulkanNo1"
EBJ-B,"Generic Player 1, Lusciousbalzack, SirEpicPwner, Tarogato"
EBJ-D,Tarogato
EBJ-EC,"SirEpicPwner, Tarogato"
EBJ-PRIME,SirEpicPwner
ENF-4P,SirEpicPwner
ENF-4R,"SirEpicPwner, Tarogato"
ENF-5D,"SirEpicPwner, Tarogato"
ENF-5P,"SirEpicPwner, Tarogato"
ENF-GH,SirEpicPwner
EXE-A,"Generic Player 1, Lusciousbalzack, SirEpicPwner, Tarogato"
EXE-B,SirEpicPwner
EXE-C,SirEpicPwner
EXE-CH,SirEpicPwner
EXE-D,Tarogato
EXE-PRIME,SirEpicPwner
FLE-15,"SirEpicPwner, Tarogato"
FLE-17,"Chosen by Heaven, Lusciousbalzack, SirEpicPwner, Tarogato"
FLE-19,"SirEpicPwner, Tarogato"
FLE-20,"Lusciousbalzack, SirEpicPwner, Tarogato, VulkanNo1"
FLE-FA,SirEpicPwner
FLE-R5K,SirEpicPwner
FNR-5,"Chosen by Heaven, Generic Player 1, Lusciousbalzack, SirEpicPwner"
FNR-5B,"SirEpicPwner, Tarogato"
FNR-5E,SirEpicPwner
FNR-6R,"Chosen by Heaven, SirEpicPwner"
FNR-6U,SirEpicPwner
FNR-J,SirEpicPwner
FNR-WR,SirEpicPwner
FS9-A,"Chosen by Heaven, Generic Player 1, Lusciousbalzack, SirEpicPwner, Tarogato"
FS9-E,"Lusciousbalzack, SirEpicPwner, Tarogato"
FS9-FS,"Generic Player 1, SirEpicPwner, Tarogato"
FS9-H,"Lusciousbalzack, Tarogato, VulkanNo1"
FS9-K,"SirEpicPwner, Tarogato"
FS9-S,"Generic Player 1, Lusciousbalzack, SirEpicPwner, Sunwraith, Tarogato"
GAR-D,"Generic Player 1, SirEpicPwner, Tarogato"
GAR-E,Generic Player 1
GAR-KW,SirEpicPwner
GHR-5H,"Generic Player 1, SirEpicPwner, Tarogato"
GHR-5J,SirEpicPwner
GHR-5N,SirEpicPwner
GHR-5P,"Generic Player 1, SirEpicPwner, Tarogato, VulkanNo1"
GHR-MJ,"SirEpicPwner, Tarogato"
GRF-1E,"SirEpicPwner, Tarogato"
GRF-1N,"SirEpicPwner, Tarogato"
GRF-1S,SirEpicPwner
GRF-2N,"SirEpicPwner, Tarogato, VulkanNo1"
GRF-3M,"SirEpicPwner, Tarogato"
GRF-5M,"SirEpicPwner, Tarogato"
GRF-AR,"Generic Player 1, SirEpicPwner"
HBK-4G,SirEpicPwner
HBK-4H,SirEpicPwner
HBK-4J,SirEpicPwner
HBK-4P,"Generic Player 1, Lusciousbalzack, SirEpicPwner, Tarogato"
HBK-4SP,SirEpicPwner
HBK-GI,"Generic Player 1, Lusciousbalzack, SirEpicPwner, Tarogato"
HBK-IIC,"SirEpicPwner, Tarogato, VulkanNo1"
HBK-IIC-A,"Generic Player 1, SirEpicPwner, Tarogato, U94, VulkanNo1"
HBK-IIC-B,"SirEpicPwner, Tarogato"
HBK-IIC-C,SirEpicPwner
HBK-IIC-DW,SirEpicPwner
HBR-A,Tarogato
HBR-B,"Generic Player 1, SirEpicPwner"
HBR-F,"SirEpicPwner, VulkanNo1"
HBR-PRIME,"Generic Player 1, NimhTG, SirEpicPwner, Tarogato"
HBR-VI,"Generic Player 1, SirEpicPwner, Tarogato"
HCT-3F,SirEpicPwner
HCT-5K,SirEpicPwner
HCT-5S,SirEpicPwner
HCT-6D,SirEpicPwner
HCT-7R,SirEpicPwner
HCT-TM,SirEpicPwner
HGN-732,SirEpicPwner
HGN-732B,SirEpicPwner
HGN-733,"SirEpicPwner, VulkanNo1"
HGN-733C,SirEpicPwner
HGN-733P,SirEpicPwner
HGN-HM,SirEpicPwner
HGN-IIC,SirEpicPwner
HGN-IIC-A,SirEpicPwner
HGN-IIC-B,"U94, VulkanNo1"
HGN-IIC-C,SirEpicPwner
HGN-IIC-KP,"Generic Player 1, SirEpicPwner"
HLF-1,SirEpicPwner
HLF-2,"Generic Player 1, SirEpicPwner, Tarogato"
HLF-A,"Generic Player 1, SirEpicPwner, Tarogato"
HLF-C,"SirEpicPwner, Tarogato"
HLF-VO,"SirEpicPwner, Tarogato"
HMN-C,Tarogato
HMN-P,"SirEpicPwner, Tarogato, VulkanNo1"
HMN-PA,"Generic Player 1, SirEpicPwner, Tarogato"
HMN-PRIME,"SirEpicPwner, Tarogato"
HSN-7D,Tarogato
HSN-7D2,"SirEpicPwner, Tarogato"
HSN-7P,Tarogato
HSN-8E,"SirEpicPwner, Tarogato"
HSN-8P,"Generic Player 1, Lusciousbalzack, SirEpicPwner, Tarogato"
HSN-9F,Tarogato
HTM-27T,"Lusciousbalzack, SirEpicPwner, Tarogato"
HTM-27W,"Chosen by Heaven, Generic Player 1, Lusciousbalzack, SirEpicPwner, Tarogato"
HTM-28TR,"SirEpicPwner, Tarogato"
HTM-SG,"SirEpicPwner, Tarogato"
IFR-A,Tarogato
IFR-D,Tarogato
IFR-P,"Tarogato, VulkanNo1"
IFR-RC,"Generic Player 1, SirEpicPwner"
INC-1,"SirEpicPwner, Tarogato"
INC-2,"SirEpicPwner, Tarogato, U94"
INC-3,"SirEpicPwner, Tarogato"
INC-4,"Generic Player 1, SirEpicPwner, Tarogato, VulkanNo1"
INC-5,"Generic Player 1, Lusciousbalzack, SirEpicPwner, Tarogato"
INC-SA,"SirEpicPwner, Tarogato"
JM6-A,"SirEpicPwner, Tarogato"
JM6-DD,"Lusciousbalzack, SirEpicPwner, Tarogato"
JM6-FB,SirEpicPwner
JM6-S,"SirEpicPwner, Tarogato"
JR7-D,"SirEpicPwner, Tarogato"
JR7-F,"SirEpicPwner, Tarogato"
JR7-IIC,"Generic Player 1, Lusciousbalzack, SirEpicPwner, Tarogato"
JR7-IIC-2,"Lusciousbalzack, SirEpicPwner, Tarogato"
JR7-IIC-3,SirEpicPwner
JR7-IIC-A,"SirEpicPwner, Tarogato"
JR7-IIC-FY,"SirEpicPwner, Tarogato"
JR7-K,"SirEpicPwner, Tarogato"
JR7-O,"SirEpicPwner, Tarogato"
JVN-10F,"SirEpicPwner, Tarogato"
JVN-10N,"SirEpicPwner, Tarogato"
JVN-10P,"Lusciousbalzack, SirEpicPwner"
JVN-11A,"Lusciousbalzack, SirEpicPwner, Tarogato"
JVN-11B,"SirEpicPwner, Tarogato"
JVN-11F,"Generic Player 1, Lusciousbalzack, SirEpicPwner, U94"
JVN-HT,SirEpicPwner
KDK-1,SirEpicPwner
KDK-2,SirEpicPwner
KDK-3,"abobra, Generic Player 1, Lusciousbalzack, SirEpicPwner, Tarogato, U94, VulkanNo1"
KDK-4,Tarogato
KDK-5,"SirEpicPwner, Tarogato"
KDK-SB,"Generic Player 1, SirEpicPwner"
KFX-C,Lusciousbalzack
KFX-D,"SirEpicPwner, Tarogato"
KFX-G,"Generic Player 1, Lusciousbalzack, Tarogato"
KFX-P,"Lusciousbalzack, SirEpicPwner"
KFX-PR,"Lusciousbalzack, SirEpicPwner, Tarogato"
KFX-S,"Lusciousbalzack, Tarogato"
KGC-000,"Lusciousbalzack, SirEpicPwner"
KGC-0000,SirEpicPwner
KGC-000B,SirEpicPwner
KGC-001,"abobra, Lusciousbalzack, SirEpicPwner"
KGC-KJ,SirEpicPwner
KTO-18,"Generic Player 1, SirEpicPwner, Tarogato, VulkanNo1"
KTO-19,"SirEpicPwner, Tarogato"
KTO-20,"SirEpicPwner, Tarogato"
KTO-GB,SirEpicPwner
LBK-A,Tarogato
LBK-B,Tarogato
LBK-C,"SirEpicPwner, Tarogato"
LBK-D,"Generic Player 1, Tarogato, VulkanNo1"
LBK-H,"Generic Player 1, SirEpicPwner, Tarogato, U94, VulkanNo1"
LBK-PRIME,"SirEpicPwner, Tarogato, VulkanNo1"
LBK-RL,"Lusciousbalzack, SirEpicPwner, Tarogato"
LCT-1E,"SirEpicPwner, Tarogato"
LCT-1M,"SirEpicPwner, Tarogato"
LCT-1V,"Lusciousbalzack, SirEpicPwner, Tarogato"
LCT-3M,"SirEpicPwner, Tarogato"
LCT-3S,"Lusciousbalzack, SirEpicPwner, Tarogato"
LCT-3V,"SirEpicPwner, Tarogato"
LCT-PB,"Generic Player 1, SirEpicPwner, Tarogato, VulkanNo1"
MAD-3R,"Lusciousbalzack, NimhTG, SirEpicPwner, Sunwraith, Tarogato, U94"
MAD-4A,"SirEpicPwner, Tarogato"
MAD-4HP,"Lusciousbalzack, SirEpicPwner, Sunwraith, Tarogato"
MAD-4L,"Generic Player 1, SirEpicPwner, Tarogato"
MAD-5A,"SirEpicPwner, Tarogato"
MAD-5D,"SirEpicPwner, Tarogato"
MAD-5M,"Chosen by Heaven, SirEpicPwner, Tarogato"
MAD-6S,"Chosen by Heaven, SirEpicPwner, Tarogato"
MAD-9M,"Chosen by Heaven, SirEpicPwner"
MAD-AL,"SirEpicPwner, Tarogato"
MAD-BH2,"NimhTG, SirEpicPwner, Tarogato"
MAD-IIC,"Generic Player 1, SirEpicPwner, Sunwraith, Tarogato, VulkanNo1"
MAD-IIC-2,"Generic Player 1, SirEpicPwner, Tarogato"
MAD-IIC-8,SirEpicPwner
MAD-IIC-A,"Generic Player 1, Lusciousbalzack, SirEpicPwner, Tarogato"
MAD-IIC-D,"Generic Player 1, SirEpicPwner"
MAD-IIC-DN,SirEpicPwner
MAD-IIC-SC,"Generic Player 1, SirEpicPwner, Sunwraith"
MAL-1P,SirEpicPwner
MAL-1R,"Lusciousbalzack, SirEpicPwner"
MAL-2P,"Generic Player 1, Lusciousbalzack, SirEpicPwner, Tarogato"
MAL-KO,SirEpicPwner
MAL-MX90,"SirEpicPwner, Tarogato"
MCII-1,SirEpicPwner
MCII-2,"Generic Player 1, SirEpicPwner"
MCII-4,"Lusciousbalzack, SirEpicPwner"
MCII-B,"abobra, Generic Player 1, SirEpicPwner, Sunwraith, Tarogato"
MCII-DS,"Generic Player 1, SirEpicPwner, Sunwraith, Tarogato"
MCII-MWK,"Generic Player 1, SirEpicPwner, U94"
MDD-A,"Generic Player 1, Lusciousbalzack, NimhTG, SirEpicPwner, Sunwraith, Tarogato"
MDD-B,Tarogato
MDD-BA,SirEpicPwner
MDD-C,"SirEpicPwner, Tarogato"
MDD-RV,"Generic Player 1, SirEpicPwner, Tarogato"
MLX-A,"SirEpicPwner, Tarogato"
MLX-B,SirEpicPwner
MLX-C,Tarogato
MLX-D,"Lusciousbalzack, Tarogato"
MLX-ED,"Lusciousbalzack, SirEpicPwner, Tarogato"
MLX-G,"Generic Player 1, Lusciousbalzack, SirEpicPwner, Tarogato, U94"
MLX-PRIME,SirEpicPwner
NCT-A,"SirEpicPwner, Tarogato"
NCT-B,"SirEpicPwner, Tarogato"
NCT-C,"SirEpicPwner, Tarogato"
NCT-CC,"SirEpicPwner, Tarogato"
NCT-D,"SirEpicPwner, Tarogato"
NCT-PRIME,"Generic Player 1, Lusciousbalzack, SirEpicPwner, Tarogato"
NSR-10P,"Generic Player 1, SirEpicPwner"
NSR-9J,SirEpicPwner
NSR-9P,"SirEpicPwner, Tarogato"
NSR-WP,SirEpicPwner
NTG-B,"Generic Player 1, SirEpicPwner, Tarogato, VulkanNo1"
NTG-C,"SirEpicPwner, Tarogato"
NTG-D,"Lusciousbalzack, NimhTG, SirEpicPwner, Tarogato"
NTG-H,"Generic Player 1, SirEpicPwner"
NTG-JK,"SirEpicPwner, Tarogato"
NTG-PRIME,SirEpicPwner
NVA-A,"SirEpicPwner, Tarogato"
NVA-B,Tarogato
NVA-BK,SirEpicPwner
NVA-C,"SirEpicPwner, Tarogato"
NVA-D,"SirEpicPwner, Tarogato"
NVA-PRIME,"abobra, SirEpicPwner, Tarogato"
NVA-S,"Generic Player 1, Lusciousbalzack, SirEpicPwner, Tarogato"
ON1-IIC,SirEpicPwner
ON1-IIC-A,"Generic Player 1, SirEpicPwner, Tarogato, VulkanNo1"
ON1-IIC-B,SirEpicPwner
ON1-IIC-C,"Generic Player 1, Lusciousbalzack, SirEpicPwner, Tarogato"
ON1-IIC-SK,"Generic Player 1, SirEpicPwner, Tarogato"
ON1-P,SirEpicPwner
ON1-V,SirEpicPwner
ON1-VA,"Generic Player 1, Lusciousbalzack, NimhTG, SirEpicPwner, Tarogato, VulkanNo1"
OSR-1P,Tarogato
OSR-1V,"SirEpicPwner, Tarogato"
OSR-2V,"Lusciousbalzack, SirEpicPwner, Tarogato"
OSR-3D,"SirEpicPwner, Tarogato"
OSR-4D,"SirEpicPwner, Tarogato"
OSR-SE,SirEpicPwner
PIR-1,"Generic Player 1, SirEpicPwner, Sunwraith, Tarogato, U94"
PIR-2,"Generic Player 1, NimhTG, SirEpicPwner, Tarogato, U94, VulkanNo1"
PIR-3,"Generic Player 1, SirEpicPwner, U94"
PIR-A,"Lusciousbalzack, SirEpicPwner, U94, VulkanNo1"
PIR-B,"Chosen by Heaven, U94"
PIR-CI,"Generic Player 1, SirEpicPwner, Tarogato"
PNT-10K,"SirEpicPwner, Tarogato"
PNT-10P,"SirEpicPwner, Tarogato, VulkanNo1"
PNT-8Z,"SirEpicPwner, Tarogato"
PNT-9R,"SirEpicPwner, Tarogato"
PNT-KK,"SirEpicPwner, Tarogato"
PXH-1,Tarogato
PXH-1B,"Lusciousbalzack, SirEpicPwner, Tarogato"
PXH-1K,"Lusciousbalzack, SirEpicPwner, Tarogato"
PXH-2,"Generic Player 1, SirEpicPwner, Tarogato"
PXH-3S,SirEpicPwner
PXH-7S,"Generic Player 1, Lusciousbalzack, SirEpicPwner, Tarogato, U94"
PXH-KK,"SirEpicPwner, Tarogato"
PXH-R,"SirEpicPwner, Tarogato"
QKD-4G,"SirEpicPwner, Tarogato"
QKD-4H,"SirEpicPwner, Tarogato"
QKD-5K,"Generic Player 1, SirEpicPwner, Tarogato"
QKD-IV4,"Lusciousbalzack, SirEpicPwner, Tarogato, VulkanNo1"
RFL-3C,"SirEpicPwner, Tarogato"
RFL-3N,"SirEpicPwner, Tarogato"
RFL-5D,"SirEpicPwner, Tarogato"
RFL-8D,"SirEpicPwner, Tarogato"
RFL-DB,"Generic Player 1, SirEpicPwner"
RFL-IIC,"SirEpicPwner, Tarogato"
RFL-IIC-2,"Generic Player 1, Lusciousbalzack, SirEpicPwner, Tarogato"
RFL-IIC-3,SirEpicPwner
RFL-IIC-4,SirEpicPwner
RFL-IIC-A,SirEpicPwner
RFL-IIC-CH,SirEpicPwner
RFL-LK,"SirEpicPwner, Tarogato"
RGH-1A,"SirEpicPwner, VulkanNo1"
RGH-1C,"Generic Player 1, SirEpicPwner, Tarogato"
RGH-2A,"SirEpicPwner, Tarogato"
RGH-3A,"Generic Player 1, SirEpicPwner, Tarogato"
RGH-BLT,"Lusciousbalzack, SirEpicPwner, Tarogato"
RGH-PH,"SirEpicPwner, Tarogato"
RGH-R,SirEpicPwner
RVN-2X,"Lusciousbalzack, SirEpicPwner, Tarogato"
RVN-3L,"Generic Player 1, Lusciousbalzack, SirEpicPwner, Tarogato, U94"
RVN-4X,"SirEpicPwner, Tarogato"
RVN-H,"Lusciousbalzack, SirEpicPwner, Tarogato"
SCR-B,Generic Player 1
SCR-C,"SirEpicPwner, Tarogato"
SCR-D,"SirEpicPwner, Tarogato"
SCR-LC,"abobra, Chosen by Heaven, Generic Player 1, Lusciousbalzack, SirEpicPwner, U94, VulkanNo1"
SCR-PRIME,"Generic Player 1, SirEpicPwner, Tarogato"
SDR-5D,"Lusciousbalzack, SirEpicPwner, Tarogato, VulkanNo1"
SDR-5K,"Lusciousbalzack, SirEpicPwner"
SDR-5V,"Generic Player 1, Lusciousbalzack, SirEpicPwner, Tarogato"
SDR-A,"Lusciousbalzack, SirEpicPwner"
SHC-A,"SirEpicPwner, Tarogato"
SHC-B,"Generic Player 1, SirEpicPwner, Tarogato, U94"
SHC-D,"Generic Player 1, Lusciousbalzack, SirEpicPwner, Tarogato"
SHC-MI,"SirEpicPwner, Tarogato"
SHC-P,"Lusciousbalzack, SirEpicPwner"
SHC-PRIME,SirEpicPwner
SHD-2D,SirEpicPwner
SHD-2D2,SirEpicPwner
SHD-2H,"Lusciousbalzack, SirEpicPwner, Sunwraith, Tarogato"
SHD-2K,"Chosen by Heaven, Lusciousbalzack, SirEpicPwner, Tarogato"
SHD-5M,SirEpicPwner
SHD-GD,"SirEpicPwner, Tarogato"
SHD-S,SirEpicPwner
SMN-B,"Generic Player 1, Lusciousbalzack, SirEpicPwner, Tarogato"
SMN-C,"SirEpicPwner, Tarogato"
SMN-D,Generic Player 1
SMN-G,"SirEpicPwner, Tarogato"
SMN-M,VulkanNo1
SMN-PD,SirEpicPwner
SMN-PRIME,Tarogato
SNS-A,SirEpicPwner
SNS-AMB,"Generic Player 1, SirEpicPwner, Tarogato"
SNS-D,"abobra, Generic Player 1, Lusciousbalzack, SirEpicPwner, Tarogato"
SNS-ML,"Generic Player 1, SirEpicPwner, Tarogato"
SNS-PRIME,Generic Player 1
SNS-VG,"SirEpicPwner, Tarogato"
SNV-1,"Generic Player 1, Tarogato"
SNV-A,SirEpicPwner
SNV-B,SirEpicPwner
SNV-BR,"NimhTG, SirEpicPwner"
SNV-C,SirEpicPwner
STK-3F,SirEpicPwner
STK-3FB,SirEpicPwner
STK-3H,SirEpicPwner
STK-4N,"Generic Player 1, Lusciousbalzack, SirEpicPwner"
STK-5M,SirEpicPwner
STK-5S,"Generic Player 1, Lusciousbalzack, SirEpicPwner, Tarogato"
STK-7D,"SirEpicPwner, Tarogato"
STK-M,"SirEpicPwner, Tarogato"
TBR-A,"SirEpicPwner, Tarogato"
TBR-BH,"Lusciousbalzack, SirEpicPwner, Tarogato, U94"
TBR-C,"Generic Player 1, Lusciousbalzack, SirEpicPwner, Tarogato"
TBR-D,Tarogato
TBR-PRIME,"SirEpicPwner, Tarogato"
TBR-S,"abobra, Generic Player 1, SirEpicPwner, Tarogato"
TBR-WAR,SirEpicPwner
TBT-5J,"SirEpicPwner, Tarogato"
TBT-7K,SirEpicPwner
TBT-7M,"SirEpicPwner, Tarogato"
TBT-LG,SirEpicPwner
TDR-10SE,SirEpicPwner
TDR-5S,SirEpicPwner
TDR-5S-T,"Lusciousbalzack, SirEpicPwner, Tarogato"
TDR-5SS,"SirEpicPwner, Tarogato"
TDR-9S,"Generic Player 1, SirEpicPwner, Tarogato"
TDR-9SE,"SirEpicPwner, Tarogato"
TNS-4P,SirEpicPwner
TNS-4S,SirEpicPwner
TNS-5S,"Generic Player 1, SirEpicPwner, Tarogato"
TNS-5T,SirEpicPwner
TNS-HA,SirEpicPwner
UM-K9,"Lusciousbalzack, SirEpicPwner, Tarogato"
UM-R60,"SirEpicPwner, Tarogato, VulkanNo1"
UM-R60L,"Generic Player 1, Lusciousbalzack, SirEpicPwner, Tarogato"
UM-R63,"Generic Player 1, Lusciousbalzack, NimhTG, SirEpicPwner, Sunwraith, Tarogato"
UM-R68,"Lusciousbalzack, SirEpicPwner"
UM-R80,"Generic Player 1, Lusciousbalzack, NimhTG, SirEpicPwner, Sunwraith, Tarogato, U94, VulkanNo1"
UM-SC,"Generic Player 1, SirEpicPwner, Tarogato"
UZL-2S,"Lusciousbalzack, SirEpicPwner, Tarogato"
UZL-3P,"Generic Player 1, SirEpicPwner, Tarogato"
UZL-3S,"SirEpicPwner, Tarogato"
UZL-6P,"Generic Player 1, Lusciousbalzack, SirEpicPwner, Sunwraith, Tarogato"
UZL-BE,"Lusciousbalzack, SirEpicPwner"
VGL-1,"Generic Player 1, SirEpicPwner, Tarogato"
VGL-2,"Generic Player 1, SirEpicPwner, Tarogato"
VGL-3,"SirEpicPwner, Tarogato"
VGL-4,"SirEpicPwner, Tarogato, VulkanNo1"
VGL-A,"Generic Player 1, SirEpicPwner, Tarogato, U94, VulkanNo1"
VGL-RI,"SirEpicPwner, Tarogato"
VL-2T,"SirEpicPwner, Tarogato"
VL-5T,"Generic Player 1, SirEpicPwner, Tarogato"
VL-BL,"SirEpicPwner, Tarogato"
VND-1AA,"SirEpicPwner, Tarogato"
VND-1R,"SirEpicPwner, Tarogato"
VND-1SIB,"SirEpicPwner, Tarogato"
VND-1X,SirEpicPwner
VPR-A,SirEpicPwner
VPR-B,"SirEpicPwner, Tarogato"
VPR-C,Tarogato
VPR-F,"Generic Player 1, Lusciousbalzack, NimhTG, SirEpicPwner, Sunwraith, Tarogato, U94"
VPR-M,"SirEpicPwner, Tarogato"
VT-5M,"SirEpicPwner, Tarogato"
VT-5S,"Generic Player 1, Lusciousbalzack, SirEpicPwner, Tarogato, U94"
VT-6M,"SirEpicPwner, Tarogato"
VTR-9A1,"SirEpicPwner, Sunwraith, Tarogato"
VTR-9B,SirEpicPwner
VTR-9K,SirEpicPwner
VTR-9S,"SirEpicPwner, VulkanNo1"
VTR-DS,SirEpicPwner
WHK-B,Generic Player 1
WHK-C,"SirEpicPwner, Tarogato, VulkanNo1"
WHK-NQ,"SirEpicPwner, Tarogato"
WHK-PRIME,"Generic Player 1, SirEpicPwner, U94"
WHM-4L,"SirEpicPwner, Tarogato"
WHM-6D,"Generic Player 1, Lusciousbalzack, SirEpicPwner, Tarogato"
WHM-6R,"Chosen by Heaven, Generic Player 1, Lusciousbalzack, NimhTG, SirEpicPwner, Tarogato, VulkanNo1"
WHM-7S,"abobra, Lusciousbalzack, SirEpicPwner, Tarogato"
WHM-9D,"SirEpicPwner, Tarogato, VulkanNo1"
WHM-BW,"abobra, Lusciousbalzack, SirEpicPwner, Tarogato, VulkanNo1"
WHM-IIC,"SirEpicPwner, Tarogato"
WHM-IIC-2,SirEpicPwner
WHM-IIC-3,SirEpicPwner
WHM-IIC-4,Generic Player 1
WHM-IIC-A,SirEpicPwner
WHM-IIC-BL,"Generic Player 1, SirEpicPwner, Tarogato, VulkanNo1"
WHM-IIC-ML,"SirEpicPwner, Tarogato"
WLF-1,"Generic Player 1, SirEpicPwner, Tarogato"
WLF-1A,"SirEpicPwner, Tarogato"
WLF-1B,SirEpicPwner
WLF-2,"Generic Player 1, SirEpicPwner, Tarogato"
WLF-GR,"SirEpicPwner, Tarogato"
WVR-6K,"Generic Player 1, SirEpicPwner, Tarogato"
WVR-6R,"SirEpicPwner, Tarogato"
WVR-7D,"SirEpicPwner, Tarogato"
WVR-7K,"SirEpicPwner, Tarogato"
WVR-Q,SirEpicPwner
ZEU-5S,SirEpicPwner
ZEU-6S,SirEpicPwner
ZEU-6T,"SirEpicPwner, Tarogato"
ZEU-9S,SirEpicPwner
ZEU-9S2,SirEpicPwner
ZEU-SK,SirEpicPwner
